created_at,text
2022-12-17 18:48:59+00:00,Kensho didnâ€™t feel any back pain. Not when the only thing in her mind is how much she wants to make Athenaâ€™s birthdâ€¦ https://t.co/9WDoxnKmMn
2022-12-17 18:48:58+00:00,"@DigitalGanon @JimmyDeuxFois__ Un fromage pÃ¢te dur, Hylien rÃ©volution !!!!
Ceci dit trÃ¨s bon goÃ»t de confiture et pâ€¦ https://t.co/KH1i4TxCch"
2022-12-17 18:48:58+00:00,RT @adilray: A woman and her mother talk about the pain she suffered and her suicidal thoughts. One of the countryâ€™s biggest tabloids decidâ€¦
2022-12-17 18:48:58+00:00,"@WalshFreedom Belgian/Dutch:
1. Panekoek (not pancakes) + ale
2. Pain Perdu (US ""French Toast"") + ale
3. CrÃªpes + ale"
2022-12-17 18:48:57+00:00,"I am an emotional plagiarist, stealing other people's pain, subsuming it into my own until / I can't remember / Whose / Any more"
2022-12-17 18:48:57+00:00,RT @Akhisan_: Je viens de goÃ»ter du pain dâ€™Ã©pice et jâ€™ai compris que si personne nâ€™a jamais bouffer tibiscuit dans shrek câ€™est pcq câ€™est deâ€¦
2022-12-17 18:48:57+00:00,"RT @fropomolo: Floor 21: Worries
I want the best for you. I want you to prosper and live without this pain, but first you have to learn, suâ€¦"
2022-12-17 18:48:57+00:00,RT @Akhisan_: Je viens de goÃ»ter du pain dâ€™Ã©pice et jâ€™ai compris que si personne nâ€™a jamais bouffer tibiscuit dans shrek câ€™est pcq câ€™est deâ€¦
2022-12-17 18:48:57+00:00,RT @haithamhour: I AM IN PAIN https://t.co/OwmhRnlj9D
2022-12-17 18:48:56+00:00,"RT @eurofootcom: ğŸš¨ğŸ‡«ğŸ‡· There is a real doubt about Olivier Giroud's availability tomorrow vs Argentina. The France striker has knee pain, repâ€¦"
2022-12-17 18:48:56+00:00,niggas used painâ€™s theme song as church music im crying.
2022-12-17 18:48:56+00:00,RT @discernia: I think every woman who takes ibuprofen for menstrual pain needs to read this https://t.co/MoybhDXSCI
2022-12-17 18:48:55+00:00,@Opsabbsr @CMO_Odisha Odisha re B pharm ki pharmacist post pain elagible karantu sir
2022-12-17 18:48:55+00:00,"RT @eurofootcom: ğŸš¨ğŸ‡«ğŸ‡· There is a real doubt about Olivier Giroud's availability tomorrow vs Argentina. The France striker has knee pain, repâ€¦"
2022-12-17 18:48:54+00:00,RT @__Sharyf: The engagements some people dey get for here dey pain some people? EiiiğŸ˜‚ğŸ˜‚ğŸ˜‚ğŸ˜‚ğŸ˜‚ğŸ˜‚ğŸ˜‚ğŸ˜‚ğŸ˜‚ğŸ˜‚ğŸ˜‚
2022-12-17 18:48:53+00:00,Freedom is pain without fear ğŸ˜©ğŸ¥‚ this album is aligning a mf
2022-12-17 18:48:53+00:00,"RT @PyarDostiHaii: My strongest girl.She lost the most precious person of her life,she faced hatred from people doutbting she moved on so eâ€¦"
2022-12-17 18:48:52+00:00,"RT @JoeVogel_: â€œJews not welcomeâ€ was found graffitied this morning at Whitman High School in Bethesda, Maryland.

The only people not welcâ€¦"
2022-12-17 18:48:51+00:00,"RT @VidyaV007: There are only a few who turn their pain into strength and #Keerthi is one such fighter
SIVANGI OF BB6 KEERTHI https://t.co/â€¦"
2022-12-17 18:48:51+00:00,"RT @srchafreen: no pain no game 
#à¸—à¸¤à¸©à¸à¸µà¸ªà¸µà¸Šà¸¡à¸à¸¹EP5
GAP TH GIRLSLOVE"
2022-12-17 18:48:51+00:00,RT @WealthInc247: hurting people back will not heal your pain
2022-12-17 18:48:50+00:00,@stormiismykid And u know the pain
2022-12-17 18:48:50+00:00,RT @adilray: A woman and her mother talk about the pain she suffered and her suicidal thoughts. One of the countryâ€™s biggest tabloids decidâ€¦
2022-12-17 18:48:49+00:00,"RT @Cobratate: I will never forgive myself for failure. 

I am absolutely hard on myself. 

I never ever forgive myself. 

Failing is permaâ€¦"
2022-12-17 18:48:49+00:00,RT @OprahDaily: Stretching can help prevent and ease pain. Loosening up your muscles can help you find relief. https://t.co/wxxzeV9Qb7
2022-12-17 18:48:48+00:00,Pain is never permanent but tonight is killing me
2022-12-17 18:48:48+00:00,"One word frees us of all the weight and pain of life: That word is love.

#HBDPratikSehajpal"
2022-12-17 18:48:48+00:00,@GlennPa76626857 @snowy2007 @SamwiseG1 @Hairy_Laphroaig @Phoeniciankeith @glooface @Lookinupatstarsâ€¦ https://t.co/RywpUgOSNA
2022-12-17 18:48:47+00:00,@sydminnick You are right. I hope I can find peace in this soon once the post-op pain eases up.
2022-12-17 18:48:47+00:00,RT @adilray: A woman and her mother talk about the pain she suffered and her suicidal thoughts. One of the countryâ€™s biggest tabloids decidâ€¦
2022-12-17 18:48:46+00:00,@mahmodgg1900 My young frivolous is you give pain BAYC
2022-12-17 18:48:46+00:00,"RT @TeaPainUSA: Tea Pain don't think ol' Trumpy sold out all of them silly tradin' cards.

Maybe Trump got his buddies in Russia and Saudiâ€¦"
2022-12-17 18:48:45+00:00,RT @AnushayHossain: Check me out in the â¦@washingtonpostâ© Women's pain often is dismissed by doctors https://t.co/ts5oaoXKkA
2022-12-17 18:48:45+00:00,@Opresii You already in pain bro messi is winning the World Cup for sure ğŸ¥°ğŸ¥°ğŸ¥°
2022-12-17 18:48:45+00:00,"RT @PyarDostiHaii: My strongest girl.She lost the most precious person of her life,she faced hatred from people doutbting she moved on so eâ€¦"
2022-12-17 18:48:44+00:00,"RT @Kiranji28694760: Religion can emerge in all forms of feeling: here wild anger, there the sweetest pain here consuming hatred, there theâ€¦"
2022-12-17 18:48:42+00:00,"â€œMy dear, I considered that Charlotte Pain invited herself. #ä¸–ç•Œæ¯ https://t.co/vfPvb46R6G"
2022-12-17 18:48:42+00:00,RT @WealthInc247: hurting people back will not heal your pain
2022-12-17 18:48:42+00:00,"RT @InsanityTwit: pain
#inanimateinsanity https://t.co/PxPkaol5Rb"
2022-12-17 18:48:41+00:00,"@Jessicah24567 @Ghost_Mode_O Useless kolomentals.
Your generations will keep crying over this win  till enternity.â€¦ https://t.co/L1dk70dRZC"
2022-12-17 18:48:41+00:00,"you'd think between three jobs, one of them would not be a huge pain in the ass. like statistically. but no!"
2022-12-17 18:48:41+00:00,RT @lovesriick: Pain https://t.co/6pTEicVVRv
2022-12-17 18:48:41+00:00,RT @discernia: I think every woman who takes ibuprofen for menstrual pain needs to read this https://t.co/MoybhDXSCI
2022-12-17 18:48:40+00:00,"RT @aiprants22: As e dey sweet us e dey pain them , Beauty Tukura ainâ€™t their mate and would never be , Una dey hear ğŸ¤£ğŸ¤£ğŸ¤£ğŸ¤£ https://t.co/eAb1â€¦"
2022-12-17 18:48:40+00:00,"RT @epiphanyrkive: They say, love someone whoâ€™s worth the pain. YOU ARE WORTH IT, MAHAL. ğŸ¥¹ğŸ’™

Shuta, pati kaluluwa ko masakit na tonight. ğŸ˜‚â€¦"
2022-12-17 18:48:40+00:00,@TukuniSahu @OSRTC_Odisha Koraput ru Puri pain gote Bus te padithile bhala heithanta
2022-12-17 18:48:40+00:00,@totalBarca I'm not ready for pain
2022-12-17 18:48:40+00:00,RT @discernia: I think every woman who takes ibuprofen for menstrual pain needs to read this https://t.co/MoybhDXSCI
2022-12-17 18:48:40+00:00,RT @Iamtyethegod: Ion judge nobody cause I know pain can change a Angel to a Demon
2022-12-17 18:48:39+00:00,@jeaIousheart me trying to do my assignments last night and i kept getting tik tok notifications from you it felt like actual PAIN
2022-12-17 18:48:39+00:00,RT @whorelyszn: Traveling without your Earpods is another type of pain entirely ğŸ˜©
2022-12-17 18:48:39+00:00,"RT @Cobratate: I will never forgive myself for failure. 

I am absolutely hard on myself. 

I never ever forgive myself. 

Failing is permaâ€¦"
2022-12-17 18:48:39+00:00,@Glennugent3 Sounds like they are both in pain
2022-12-17 18:48:38+00:00,RT @aldigunawanreal: Sesekali kamu cobain deep talk. with people who look haha-hihi every day you will find the other side of pain in his lâ€¦
2022-12-17 18:48:38+00:00,RT @discernia: I think every woman who takes ibuprofen for menstrual pain needs to read this https://t.co/MoybhDXSCI
2022-12-17 18:48:37+00:00,@king_crackhead Took 8 weeks to get mine in the mail. Itâ€™s truly a pain ğŸ¥´.
2022-12-17 18:48:37+00:00,were those of Charlotte Painâ€™s! And not altogether lovable. #ä¸–ç•Œæ¯ä¸‹æ³¨ #ä¸–ç•Œæ¯æŠ•æ³¨ https://t.co/Cw4aD4xqNR
2022-12-17 18:48:37+00:00,"RT @Kiranji28694760: Religion can emerge in all forms of feeling: here wild anger, there the sweetest pain here consuming hatred, there theâ€¦"
2022-12-17 18:48:37+00:00,@jorjainthefence itâ€™s pretty small but i got it hand poked so the pain was significantly longer https://t.co/JlVV3pn36r
2022-12-17 18:48:37+00:00,"I know that you're in pain, but if we die at the same time, does it still scare you?"
2022-12-17 18:48:36+00:00,@Africain_Noir04 Regardez le pardon toi tu es ton pain faut pas me mÃ©langer dedans
2022-12-17 18:48:36+00:00,Real woman shit right here . Give me all my momma pain I can handle it ğŸ˜© https://t.co/fgBHTg8v8x
2022-12-17 18:48:36+00:00,RT @bydecki: The pain of discipline or the pain of regret
2022-12-17 18:48:36+00:00,Jonathan Taylor is made of glass #pain #fantasy
2022-12-17 18:48:35+00:00,"RT @Cobratate: I will never forgive myself for failure. 

I am absolutely hard on myself. 

I never ever forgive myself. 

Failing is permaâ€¦"
2022-12-17 18:48:34+00:00,@ada_emeaso Nobody dey gree talk. I go send you the money for ice cream so e no go too pain ğŸŒš
2022-12-17 18:48:34+00:00,"â€œAnd you did not do so?â€ he returned, his voice hoarse56 with pain.            https://t.co/sb56xda72M"
2022-12-17 18:48:32+00:00,RT @Akhisan_: Je viens de goÃ»ter du pain dâ€™Ã©pice et jâ€™ai compris que si personne nâ€™a jamais bouffer tibiscuit dans shrek câ€™est pcq câ€™est deâ€¦
2022-12-17 18:48:32+00:00,RT @arieella_: Thatâ€™s a funny way of spelling â€œIâ€™ve been in agonizing pain for days and Iâ€™m traumatized and will need compen$ation for my pâ€¦
2022-12-17 18:48:31+00:00,@eliistender10 I feel your pain ğŸ’•
2022-12-17 18:48:31+00:00,Ù„Ø­ÙƒÙ… Ø§Ù„Ù‚Ø·Ø±ÙŠ ÙƒØ§Ù† Ù†Ø§Ø¶ÙŠ Ùˆ ØªÙˆÙÙ‚ Ù Ú¯Ø§Ø¹ Ø§Ù„Ù‚Ø±Ø§Ø±Ø§Øª Ø¯ÙŠØ§Ù„Ùˆ..Ø§Ù„Ù…Ø³ØªÙˆÙ‰ Ø¯ÙŠØ§Ù„ Ø§Ù„Ù…Ù†ØªØ®Ø¨ ÙƒØ§Ù† Ù†Ø§Ù‚Øµ Ø¨Ø²Ø§Ù..Ø¨Ø³Ø¨Ø¨ Ù„Ø¹ÙŠØ§  Ø§Ùˆ Ø§Ù„Ù…Ø±Ø¯ÙˆØ¯ Ø§Ù„Ù…ØªÙˆØ§Ø¶Ø¹ Ø¯ÙŠØ§Ù„ Ø¨Ø¹Ø¶ Ø§Ù„Ù„Ø¹Ø§Ø¨Ø©..
2022-12-17 18:48:31+00:00,"RT @srchafreen: no pain no game 
#à¸—à¸¤à¸©à¸à¸µà¸ªà¸µà¸Šà¸¡à¸à¸¹EP5
GAP TH GIRLSLOVE"
2022-12-17 18:48:30+00:00,RT @grey_jarvis: not yâ€™all fear mongering about one of the most accessible pain meds. this like subtle anti medicine/anti science shit i keâ€¦
2022-12-17 18:48:30+00:00,"RT @SourPatches2077: Thread ğŸ§µ 

My transition almost cost me my marriage. Of all the regret I have had &amp; do have over this whole fucking trâ€¦"
2022-12-17 18:48:30+00:00,RT @ChrisExcel102: The pain of being rejected by a girl edume ngokuphana nge kuku ğŸ‘ at the groove ğŸ˜­ğŸ˜­ğŸ˜­
2022-12-17 18:48:29+00:00,I understand now how Sasuke felt... I know what revenge is. I thought I understood him...but really I didn't. No woâ€¦ https://t.co/gyJ9Uk9mXT
2022-12-17 18:48:29+00:00,"No more pain, no more suffering. Rest easy now, sweet one.
https://t.co/WxGwZcSgV0"
2022-12-17 18:48:28+00:00,@Naija_PR E go pain me but normally we dey lose for life
2022-12-17 18:48:28+00:00,RT @IARS_Journals: This month's featured article by Drs. Eisenach &amp; Rice considers the historical trajectory of clinical pharmacology and câ€¦
2022-12-17 18:48:28+00:00,"RT @BiafranTweets: NEWS: We must continue to support Mazi Nnamdi Kanu, His Governing Structure, the Directorate of State, DOS and not contrâ€¦"
2022-12-17 18:48:27+00:00,RT @Akhisan_: Je viens de goÃ»ter du pain dâ€™Ã©pice et jâ€™ai compris que si personne nâ€™a jamais bouffer tibiscuit dans shrek câ€™est pcq câ€™est deâ€¦
2022-12-17 18:48:27+00:00,RT @grey_jarvis: not yâ€™all fear mongering about one of the most accessible pain meds. this like subtle anti medicine/anti science shit i keâ€¦
2022-12-17 18:48:27+00:00,"Behind every beautiful thing, there is some kind of pain.

Gudy
BB SENSATION PRIYANKA"
2022-12-17 18:48:26+00:00,"RT @dutta_prajeet: ""We must all suffer one of two things: the pain of discipline or the pain of regret or disappointment.""
--Jim 
Prajeetâ€¦"
2022-12-17 18:48:25+00:00,@master_revan87 @Broyoyoyojimjam If it removes my parents (my father especially) than i am ok with what little pain it will cause me.
2022-12-17 18:48:25+00:00,Let me go find one of these nurses this pain is unbearable
2022-12-17 18:48:22+00:00,"RT @Swastik00951429: Nobody gives me butterflies anymore you all just give me pain...

BB SENSATION PRIYANKA"
2022-12-17 18:48:22+00:00,RT @stxrnm: ğŸ¤£making jokes with the pain so it doesnâ€™t kill you &gt;&gt;&gt;
2022-12-17 18:48:22+00:00,"RT @shynkookv: He glanced up at Taehyung.
""Like I got run down by a car and spent a few weeks unconscious."" He grunted. 
Taehyung grinned,â€¦"
2022-12-17 18:48:20+00:00,"RT @Afzal_Is_Back: This pain ğŸ¥º #AsimRiaz ğŸ’”

#BiggBoss â€¢ @imrealasim https://t.co/IjbCrzbPcI"
2022-12-17 18:48:20+00:00,"RT @theMadridZone: ğŸš¨| Olivier Giroud is a DOUBT to start tomorrow, he has knee pain. @lequipedegreg #WorldCup"
2022-12-17 18:48:20+00:00,RT @GoodKingHarold2: Stuart's parents came over from Sydney for an Army service at Chepstow Barracks. We were honoured to meet them. They wâ€¦
2022-12-17 18:48:19+00:00,RT @haithamhour: I AM IN PAIN https://t.co/OwmhRnlj9D
2022-12-17 18:48:18+00:00,i would take all the pain and hurt in the world as long as it meant my sister was happy
2022-12-17 18:48:16+00:00,RT @HarmonyMindBody: https://t.co/nQ2HuHdznM
2022-12-17 18:48:16+00:00,@MattDowning17 @tkft7 @cliftonaduncan Well I now have an arm that will never work correctly and premature ventriculâ€¦ https://t.co/hGA0ewew9v
2022-12-17 18:48:16+00:00,"RT @_adofoasa__: Iâ€™m nervous brooâ€¦if Messi wins the World Cup, ego pain me pass."
2022-12-17 18:48:16+00:00,RT @islamicstrength: What a great feeling to be in Jannah with Allah. No pain. No heartache. No disappointment. Just blessings and non-stopâ€¦
2022-12-17 18:48:15+00:00,"@garyblack00 @elonmusk Inflation remains &gt; 2%
Goals have been clearly communicated. Fed will continue to apply presâ€¦ https://t.co/nN9rLgK5pl"
2022-12-17 18:48:15+00:00,"upsetting, or that they seem to be fading away from you. Do you know the vibe that says, ""I'm going to reject you bâ€¦ https://t.co/g3CHdNBspy"
